Аймаг,Тойрог,Мандат,Дэвшигчийн тоо,Дэвшигчийн нэр,Нам
Өмнөговь,11-р тойрог,2 мандат,16 нэр дэвшигч,Нанзадын Наранбаатар,Монгол Ардын нам
,,,,Хархүүгийн Мандахбаяр,Монгол Ардын нам
,,,,Бадамгарав Бадраа,Ардчилсан нам
,,,,Дашдэмбэрэл Бат-Эрдэнэ,Ардчилсан нам
,,,,Билгээгийн Мөнхчулуун,Монголын Ногоон нам
,,,,Дагдангийн Эрдэнэ,Та бидний эвсэл
,,,,Агваан-Осорын Сүхбаатар,Та бидний эвсэл
,,,,Доржжодовын Сансар,Шинэ эвсэл
,,,,Цэвээнийн Бээжин,Шинэ эвсэл
,,,,Адъяагийн Ганбаатар,Зөв хүн электорат эвсэл
,,,,Эрдэнэчимэгийн Дамдинсүрэн,Сахигтун! Үндсэн хуулийн 19 эвсэл
,,,,Ганбатын Пүрэвдэмбэрэл,Сахигтун! Үндсэн хуулийн 19 эвсэл
,,,,Авирын Гантулга,Зон Олны нам
,,,,Рэнцэндооровын Баттөмөр,Бие даан нэр дэвшигч
,,,,Чойсүрэнгийн Батбаяр,Бие даан нэр дэвшигч
,,,,Агваандагвын Энхбаатар,Бие даан нэр дэвшигч
Өвөрхангай,10-р тойрог,3 мандат,14 нэр дэвшигч,Дуламдоржийн Тогтохсүрэн,Монгол Ардын нам
,,,,Содномын Чинзориг,Монгол Ардын нам
,,,,Гочоогийн Ганболд,Монгол Ардын нам
,,,,Оюунсайхан Алтангэрэл,Ардчилсан нам
,,,,Батхүү Ганхөлөг,Ардчилсан нам
,,,,Чимиддорж Даваабаяр,Ардчилсан нам
,,,,Чагнаадоржийн Цэндээ,Та бидний эвсэл
,,,,Дамдинсүрэн Хоролдамба,Та бидний эвсэл
,,,,Санжаасүрэнгийн Оргодол,Та бидний эвсэл
,,,,Аюурзанын Отгонбаатар,Шинэ эвсэл
,,,,Дамдинжавын Мөнхболд,Зөв хүн электорат эвсэл
,,,,Дуламдоржийн Хишигдэлгэр,Хөгжлийн Хөтөлбөр нам
,,,,Дашбазарын Отгонцэцэг,Зон Олны нам
,,,,Төмөрбаатарын Хасбаатар,Бие даан нэр дэвшигч
Архангай,1-р тойрог,3 мандат,19 нэр дэвшигч,Раднаабазарын Жаргалмаа,Зөв хүн электорат эвсэл
,,,,Энэбишийн Болорчулуун,Бие даан нэр дэвшигч
,,,,Ёндонпэрэнлэйн Баатарбилэг,Монгол Ардын нам
,,,,Ганзоригийн Тэмүүлэн,Монгол Ардын нам
,,,,Жамъянгийн Мөнхбат,Монгол Ардын нам
,,,,Нямжавын Батбаяр,Ардчилсан нам
,,,,Дондогдоржийн Золжаргал,Ардчилсан нам
,,,,Пүрэвбаатарын Мөнхтулга,Ардчилсан нам
,,,,Батаагийн Ганцэцэг,Та бидний эвсэл
,,,,Нацагийн Удвал,Та бидний эвсэл
,,,,Дуламжавын Мөнх-Эрдэнэ,Та бидний эвсэл
,,,,Даваадоржийн Ариунжаргал,Шинэ эвсэл
,,,,Лхагваагийн Дансранбавуу,Шинэ эвсэл
,,,,Жамбын Сандуйжав,Зөв хүн электорат эвсэл
,,,,Долгорын Сосорбарам,Сахигтун! Үндсэн хуулийн 19 эвсэл
,,,,Хадбаатарын Дэмидбалданням,Зон Олны нам
,,,,Энхбаярын Мөнхсайхан,Бие даан нэр дэвшигч
,,,,Батбаатарын Ганпүрэв,Бие даан нэр дэвшигч
,,,,Ранжилын Бадмаанямбуу,Бие даан нэр дэвшигч
Баян-Өлгий,2-р тойрог,3 мандат,15 нэр дэвшигч,Хавдисламын Баделхан,Монгол Ардын нам
,,,,Телуханы Аубакир,Монгол Ардын нам
,,,,Айпын Гылымхан,Монгол Ардын нам
,,,,Дакей Мурат,Ардчилсан нам
,,,,Буланы Бейсэн,Ардчилсан нам
,,,,Рахметийн Гажайв,Ардчилсан нам
,,,,Болатын Айбек,Та бидний эвсэл
,,,,Зулпайн Батырбек,Та бидний эвсэл
,,,,Таштуаны Ауез,Та бидний эвсэл
,,,,Харатышхан Ганибат,Шинэ эвсэл
,,,,Мавлет Төлеген,Шинэ эвсэл
,,,,Палдай Нямхүү,Шинэ эвсэл
,,,,Ган-Эрдэнийн Баянмөнх,Хөгжлийн Хөтөлбөр нам
,,,,Батмөнхийн Бямбагэрэл,Зон Олны нам
,,,,Каснайн Ханагат,Бие даан нэр дэвшигч
Баянхонгор,3-р тойрог,3 мандат,20 нэр дэвшигч,Мягмарын Ариунтуяа,Зөв хүн электорат эвсэл
,,,,Батмөнхийн Батцэцэг,Монгол Ардын нам
,,,,Гомбожавын Занданшатар,Монгол Ардын нам
,,,,Лхагваагийн Элдэв-Очир,Монгол Ардын нам
,,,,Амгалан Адъяасүрэн,Ардчилсан нам
,,,,Пүрэв Нүрзэд,Ардчилсан нам
,,,,Дашдондог Ганбат,Ардчилсан нам
,,,,Жамбалын Ганзул,Та бидний эвсэл
,,,,Гунаажавын Цэвээнжав,Та бидний эвсэл
,,,,Эрдэнэ-Очирын Содномжамц,Та бидний эвсэл
,,,,Мандахын Цэнджав,Шинэ эвсэл
,,,,Маамын Ганзориг,Шинэ эвсэл
,,,,Очирын Батсүх,Шинэ эвсэл
,,,,Жагваралын Төмөрхуяг,Зөв хүн электорат эвсэл
,,,,Пүрэвсүрэнгийн Очирпүрэв,Зон Олны нам
,,,,Чимэддоржийн Гантулга,Ард Түмний Олонхийн Засаглал нам
,,,,Даваагийн Мөнх-Эрдэнэ,Бие даан нэр дэвшигч
,,,,Баярсайханы Ууганбаяр,Бие даан нэр дэвшигч
,,,,Батчулууны Отгонбаяр,Бие даан нэр дэвшигч
,,,,Баасанжавын Анхбаяр,Бие даан нэр дэвшигч
Булган,4-р тойрог,2 мандат,14 нэр дэвшигч,Жадамба Бат-Эрдэнэ,Монгол Ардын нам
,,,,Цогт-Очирын Анандбазар,Монгол Ардын нам
,,,,Дорлиг Өсөхбаяр,Ардчилсан нам
,,,,Сэрээнэн Гал-Эрдэнэ,Ардчилсан нам
,,,,Ширэндэвийн Булган,Та бидний эвсэл
,,,,Баатарын Санчир,Та бидний эвсэл
,,,,Цэрэндэндэвийн Мэндээ,Шинэ эвсэл
,,,,Ганбатын Батбаяр,Шинэ эвсэл
,,,,Болдбаатарын Гүнбилэг,Зөв хүн электорат эвсэл
,,,,Алтанбаганын Манлайбаатар,Зон Олны нам
,,,,Ганболдын Ганчимэг,Бие даан нэр дэвшигч
,,,,Гантуяагийн Соёл-Эрдэнэ,Бие даан нэр дэвшигч
,,,,Батжаргалын Сүхбаатар,Бие даан нэр дэвшигч
,,,,Батмөнх Бат-Эрдэнэ,Бие даан нэр дэвшигч
Дархан-Уул,19-р тойрог,3 мандат,25 нэр дэвшигч,Гонгор Дамдинням,Монгол Ардын нам
,,,,Доржзовдын Энхтуяа,Ардчилсан нам
,,,,Банзрагчийн Отгонтөгс,Зөв хүн электорат эвсэл
,,,,Болдын Жавхлан,Монгол Ардын нам
,,,,Баагаагийн Баттөмөр,Монгол Ардын нам
,,,,Намсрай Мөнхдаш,Ардчилсан нам
,,,,Баянжаргал Бямбасайхан,Ардчилсан нам
,,,,Дашнямын Араажав,Та бидний эвсэл
,,,,Тогтохын Амгалан,Та бидний эвсэл
,,,,Эрдэнэбаярын Мягмардорж,Та бидний эвсэл
,,,,Пүрэвдоржийн Эрдэнэбат,Шинэ эвсэл
,,,,Жамбалсүрэнгийн Төгсжаргал,Шинэ эвсэл
,,,,Батсайханы Нямбаяр,Шинэ эвсэл
,,,,Артбазарын Галтбаяр,Зөв хүн электорат эвсэл
,,,,Бат-Очирын Содболд,Зөв хүн электорат эвсэл
,,,,Сайн-Эрийн Баяр,Эрх Чөлөөг Хэрэгжүүлэгч нам
,,,,Мөнхбаяр Амарсанаа,Сахигтун! Үндсэн хуулийн 19 эвсэл
,,,,Гончигзэгвийн Отгонжаргал,Зон Олны нам
,,,,Доржийн Тэрбиш,Ард Түмний Олонхийн Засаглал нам
,,,,Гомбожавын Энхжаргал,Ард Түмний Олонхийн Засаглал нам
,,,,Тордайн Ганболд,Бие даан нэр дэвшигч
,,,,Ганбаатарын Баянмөнх,Бие даан нэр дэвшигч
,,,,Оюунбатын Оргил,Бие даан нэр дэвшигч
,,,,Цогтоогийн Амарбаясгалан,Бие даан нэр дэвшигч
,,,,Лхасүрэнгийн Одбаяр,Бие даан нэр дэвшигч
Дорнод,7-р тойрог,2 мандат,16 нэр дэвшигч,Хаянгаа Болорчулуун,Монгол Ардын нам
,,,,Цэдэвийн Сэргэлэн,Монгол Ардын нам
,,,,Жамц Энхболд,Ардчилсан нам
,,,,Пүрэв Батчимэг,Ардчилсан нам
,,,,Чулууны Өлзийсайхан,Та бидний эвсэл
,,,,Хишигээгийн Одмандах,Шинэ эвсэл
,,,,Санжмятавын Отгонбаатар,Шинэ эвсэл
,,,,Чоймболын Баттулга,Зөв хүн электорат эвсэл
,,,,Шагдарсүрэнгийн Төгсбаяр,Зөв хүн электорат эвсэл
,,,,Минчиндоржийн Намсрай,Сахигтун! Үндсэн хуулийн 19 эвсэл
,,,,Хутрангаагийн Бат-Эрдэнэ,Сахигтун! Үндсэн хуулийн 19 эвсэл
,,,,Лхамхандын Цэвэгдарь,Зон Олны нам
,,,,Пүрэвгэрэлийн Гэрэлбаатар,Бие даан нэр дэвшигч
,,,,Баярсайханы Наранбат,Бие даан нэр дэвшигч
,,,,Ганхуягийн Мөнх-Од,Бие даан нэр дэвшигч
,,,,Бадамын Доржпүрэв,Бие даан нэр дэвшигч
Дорноговь,8-р тойрог,2 мандат,12 нэр дэвшигч,Цагаан-Өвгөн Жадамбаа,Ардчилсан нам
,,,,Борхүүгийн Дэлгэрсайхан,Монгол Ардын нам
,,,,Төмөртогоогийн Энхтүвшин,Монгол Ардын нам
,,,,Доржцэрэн Алтангэрэл,Ардчилсан нам
,,,,Баатарсүрэнгийн Ууганбаяр,Монголын Ногоон нам
,,,,Чимэддоржийн Чимидсүрэн,Та бидний эвсэл
,,,,Сүхбатын Мэндсайхан,Та бидний эвсэл
,,,,Цэндсүрэнгийн Гантулга,Шинэ эвсэл
,,,,Дамбаренчингийн Эрдэнэбат,Шинэ эвсэл
,,,,Солонгын Саран,Зөв хүн электорат эвсэл
,,,,Хишигжаргалын Ариунсанаа,Зон Олны нам
,,,,Очирсүхийн Машбат,Бие даан нэр дэвшигч
Дундговь,6-р тойрог,2 мандат,14 нэр дэвшигч,Гомпилдоогийн Мөнхцэцэг,Монгол Ардын нам
,,,,Сүхбаатар Батболд,Монгол Ардын нам
,,,,Лувсандорж Одсэр,Ардчилсан нам
,,,,Батсүх Наранхүү,Ардчилсан нам
,,,,Гаадангийн Батбаатар,Монголын Ногоон нам
,,,,Дашцэрэнгийн Энхсайхан,Та бидний эвсэл
,,,,Цэцэгээгийн Мөнхбаяр,Та бидний эвсэл
,,,,Осорын Ганбат,Шинэ эвсэл
,,,,Ороолонгийн Эрдэнэтөгс,Шинэ эвсэл
,,,,Баатарын Арвинбаяр,Зөв хүн электорат эвсэл
,,,,Цэрэнваанчигийн Эрдэнэбат,Сахигтун! Үндсэн хуулийн 19 эвсэл
,,,,Эрдэнэцогтын Батчимэг,Зон Олны нам
,,,,Наранцацралтын Соёмбо,Бие даан нэр дэвшигч
,,,,Пүрэвсүрэнгийн Энхбаяр,Бие даан нэр дэвшигч
Завхан,9-р тойрог,2 мандат,14 нэр дэвшигч,Балжиннямын Амараа,Зөв хүн электорат эвсэл
,,,,Балжиннямын Баярсайхан,Монгол Ардын нам
,,,,Цэдэндамбын Цэрэнпунцаг,Монгол Ардын нам
,,,,Загдхүү Нарантуяа,Ардчилсан нам
,,,,Даймаа Батсайхан,Ардчилсан нам
,,,,Эрдэнэбатын Гүндсамбуу,Та бидний эвсэл
,,,,Доржпаламын Эрдэнэцогт,Та бидний эвсэл
,,,,Шинэнсамбуугийн Сайхансамбуу,Шинэ эвсэл
,,,,Алтангэрэлийн Дорждавга,Шинэ эвсэл
,,,,Сүхбатын Бямбаасүрэн,Зөв хүн электорат эвсэл
,,,,Дугаржавын БАЯНМӨНХ,Зон Олны нам
,,,,Адъяабалжирын Санжмятав,Бие даан нэр дэвшигч
,,,,Бибишийн Баасанбямба,Бие даан нэр дэвшигч
,,,,Совдын Мөнхбат,Бие даан нэр дэвшигч
Говь-Алтай,5-р тойрог,2 мандат,10 нэр дэвшигч,Шатарбалын Раднаасэд,Монгол Ардын нам
,,,,Бямбасүрэнгийн Энх-Амгалан,Монгол Ардын нам
,,,,Очирбат Амгаланбаатар,Ардчилсан нам
,,,,Осормаа Батханд,Ардчилсан нам
,,,,Сандуйн Батбаатар,Та бидний эвсэл
,,,,Базаррагчаагийн Оюунбилэг,Та бидний эвсэл
,,,,Энхтуяагийн Эрдэнэтуяа,Шинэ эвсэл
,,,,Лутаагийн Энхнасан,Зөв хүн электорат эвсэл
,,,,Ган-Очирын Дондовсамбуу,Хөгжлийн Хөтөлбөр нам
,,,,Цэдэнбалын Амарзаяа,Зон Олны нам
Хөвсгөл,17-р тойрог,3 мандат,21 нэр дэвшигч,Лхагвын Мөнхбаатар,Монгол Ардын нам
,,,,Лувсанцэрэнгийн Энх-Амгалан,Монгол Ардын нам
,,,,Цэрэнпилийн Даваасүрэн,Монгол Ардын нам
,,,,Бямбасүрэн Баярмаа,Ардчилсан нам
,,,,Даваадорж Ганболд,Ардчилсан нам
,,,,Чимид Батцогт,Ардчилсан нам
,,,,Эрдэнэбаатарын Магнайбаяр,Та бидний эвсэл
,,,,Хастөмөрийн Бээжин,Та бидний эвсэл
,,,,Чимэдийн Базар,Та бидний эвсэл
,,,,Ламжавын Доржпалам,Шинэ эвсэл
,,,,Жамсрангийн Оюунмаа,Шинэ эвсэл
,,,,Эрдэнэбилэгийн Батхишиг,Шинэ эвсэл
,,,,Түвдэндансрангийн Ууганбаяр,Зөв хүн электорат эвсэл
,,,,Тангадын Туяа,Зөв хүн электорат эвсэл
,,,,Дулмаагийн Ариунтуяа,Сахигтун! Үндсэн хуулийн 19 эвсэл
,,,,Ламжавын Гүндалай,Ард Түмнээ Хайрлая нам
,,,,Цэндсүрэнгийн Ариунболд,Зон Олны нам
,,,,Мижиддоржийн Ганболд,Бие даан нэр дэвшигч
,,,,Дэмбэрэлнямын Совд,Бие даан нэр дэвшигч
,,,,Бадарчийн Болдбаатар,Бие даан нэр дэвшигч
,,,,Хайчаагийн Батсайхан,Бие даан нэр дэвшигч
Хэнтий,18-р тойрог,3 мандат,13 нэр дэвшигч,Ухнаагийн Хүрэлсүх,Монгол Ардын нам
,,,,Лувсаннамсрайн Оюун-Эрдэнэ,Монгол Ардын нам
,,,,Бадмаанямбуугийн Бат-Эрдэнэ,Монгол Ардын нам
,,,,Эрдэнэ Бат-Үүл,Ардчилсан нам
,,,,Жагдаг Оюунбаатар,Ардчилсан нам
,,,,Төрмөнх Пүрэвхатан,Ардчилсан нам
,,,,Сэлэнгийн Ононбаяр,Та бидний эвсэл
,,,,Сандуйн Жаргал,Та бидний эвсэл
,,,,Батсуурийн Батхишиг,Та бидний эвсэл
,,,,Дамбадондогийн Баатаржав,Шинэ эвсэл
,,,,Пунцагдашийн Нарантуяа,Шинэ эвсэл
,,,,Дамбын Одгэрэл,Шинэ эвсэл
,,,,Амарсанаагийн Мөнхзул,Зон Олны нам
Ховд,16-р тойрог,3 мандат,17 нэр дэвшигч,Цэдэнбалын Цогзолмаа,Монгол Ардын нам
,,,,Сандагийн Бямбацогт,Монгол Ардын нам
,,,,Отгоогийн Батнасан,Монгол Ардын нам
,,,,Бөхчулуун Пүрэвдорж,Ардчилсан нам
,,,,Нэргүй Пунцаг,Ардчилсан нам
,,,,Ширнэнбанди Адъшаа,Ардчилсан нам
,,,,Халтайн Батболд,Та бидний эвсэл
,,,,Уртнасангийн Батзаяа,Та бидний эвсэл
,,,,Доржийн Алимаа,Та бидний эвсэл
,,,,Ганболдын Билгүүн,Шинэ эвсэл
,,,,Чүлтэмийн Гантулга,Шинэ эвсэл
,,,,Аюушийн Баасандэмбэрэл,Шинэ эвсэл
,,,,Гантулгын Буянбаатар,Зөв хүн электорат эвсэл
,,,,Баатаржавын Ганзориг,Сахигтун! Үндсэн хуулийн 19 эвсэл
,,,,Төмөрбаатарын Оюунболор,Зон Олны нам
,,,,Өлзийн Алтай,Бие даан нэр дэвшигч
,,,,Дамдинсүрэнгийн Ууганжаргал,Бие даан нэр дэвшигч
Орхон,20-р тойрог,3 мандат,27 нэр дэвшигч,Александрын Ундрахтамир,Зөв хүн электорат эвсэл
,,,,Цэндийн Нямдорж,Монгол Ардын нам
,,,,Дамбын Батлут,Монгол Ардын нам
,,,,Батнасангийн Оюунгэрэл,Монгол Ардын нам
,,,,Октябрь Баасанхүү,Ардчилсан нам
,,,,Дэмбэрэл Оросоо,Ардчилсан нам
,,,,Цогтсайхан Батхуяг,Ардчилсан нам
,,,,Сайнхүүгийн Ганбаатар,Та бидний эвсэл
,,,,Бадарчийн Хэрлэн,Та бидний эвсэл
,,,,Пүрэвсүрэнгийн Баттөр,Та бидний эвсэл
,,,,Дондовдоржийн Батмөнх,Шинэ эвсэл
,,,,Доржпаламын Мөнхтуяа,Шинэ эвсэл
,,,,Даваасүрэнгийн Түмэнжаргал,Шинэ эвсэл
,,,,Сэрээтэрийн Эрдэнэцэцэг,Зөв хүн электорат эвсэл
,,,,Бат-Очирын Гантүшиг,Зөв хүн электорат эвсэл
,,,,Мэргэнбилэгийн Соёл,Эрх Чөлөөг Хэрэгжүүлэгч нам
,,,,Тайваны Пүрэвсүрэн,Сахигтун! Үндсэн хуулийн 19 эвсэл
,,,,Шагдарсүрэнгийн Чимэгсүрэн,Сахигтун! Үндсэн хуулийн 19 эвсэл
,,,,Батболдын Амарбаясгалан,Зон Олны нам
,,,,Балдоржийн Мөнх-Алдар,Ард Түмний Олонхийн Засаглал нам
,,,,Баасангийн Эрдэнэзул,Ард Түмний Олонхийн Засаглал нам
,,,,Батаагийн Гантулга,Бие даан нэр дэвшигч
,,,,Ваанчигийн Сумъяасүх,Бие даан нэр дэвшигч
,,,,Мянганбуугийн Сарандаваа,Бие даан нэр дэвшигч
,,,,Төлөвийн Хайрат,Бие даан нэр дэвшигч
,,,,Норовын Алтанхуяг,Бие даан нэр дэвшигч
,,,,Равжирын Мягмардорж,Бие даан нэр дэвшигч
Сүхбаатар,12-р тойрог,2 мандат,10 нэр дэвшигч,Төгсжаргалын Ганди,Монгол Ардын нам
,,,,Занын Энхтөр,Монгол Ардын нам
,,,,Жамба Батсуурь,Ардчилсан нам
,,,,Наянтай Ганибал,Ардчилсан нам
,,,,Чанцалын Үл-Олдох,Та бидний эвсэл
,,,,Намсрайн Лутбаяр,Та бидний эвсэл
,,,,Айлтгүйгийн Төмөр-Очир,Шинэ эвсэл
,,,,Намсрайн Лхагвасүрэн,Шинэ эвсэл
,,,,Ренчиндоржийн Энхтуяа,Зөв хүн электорат эвсэл
,,,,Жаргалсайханы Мөнхзаяа,Зон Олны нам
Сэлэнгэ,13-р тойрог,3 мандат,23 нэр дэвшигч,Дамдинсүрэнгийн Амарсайхан,Зөв хүн электорат эвсэл
,,,,Жаргалтулгын Эрдэнэбат,Монгол Ардын нам
,,,,Чинбатын Ундрам,Монгол Ардын нам
,,,,Дамдинсүрэнгийн Өнөрболор,Монгол Ардын нам
,,,,Дондогдорж Эрдэнэбат,Ардчилсан нам
,,,,Домбон Үүрийнтуяа,Ардчилсан нам
,,,,Сангажав Баярцогт,Ардчилсан нам
,,,,Амжаагийн Энхболд,Та бидний эвсэл
,,,,Шагдаррагчаагийн Эрдэнэбат,Та бидний эвсэл
,,,,Моголдойн Насанжаргал,Та бидний эвсэл
,,,,Готовын Баттулга,Шинэ эвсэл
,,,,Логийн Цог,Шинэ эвсэл
,,,,Бүрэнжаргалын Нэргүйбаатар,Шинэ эвсэл
,,,,Цэдэвийн Бат-Эрдэнэ,Зөв хүн электорат эвсэл
,,,,Алтангэрэлийн Мөнх-Эрдэнэ,Зөв хүн электорат эвсэл
,,,,Шийлэгсүрэнгийн Болорсүрэн,Эрх Чөлөөг Хэрэгжүүлэгч нам
,,,,Нямсүрэнгийн Батцэцэг,Сахигтун! Үндсэн хуулийн 19 эвсэл
,,,,Бадамжавын Базарваань,Сахигтун! Үндсэн хуулийн 19 эвсэл
,,,,Рагчаагийн Лхагвасүрэн,Зон Олны нам
,,,,Батсүхийн Хайдавмөнх,Бие даан нэр дэвшигч
,,,,Базарын Цээпилдорж,Бие даан нэр дэвшигч
,,,,Батжаргалын Буянзаяа,Бие даан нэр дэвшигч
,,,,Лхамжавын Орхон,Бие даан нэр дэвшигч
Төв,14-р тойрог,3 мандат,18 нэр дэвшигч,Батбаярын Насанбилэг,Зөв хүн электорат эвсэл
,,,,Нямаагийн Энхболд,Монгол Ардын нам
,,,,Дагвын Гантөгс,Монгол Ардын нам
,,,,Жигжидийн Батжаргал,Монгол Ардын нам
,,,,Хишигдэмбэрэл Тэмүүжин,Ардчилсан нам
,,,,Дэрэм Эрдэнэсувд,Ардчилсан нам
,,,,Цэвэгдорж Туваан,Ардчилсан нам
,,,,Оргойн Буяннэмэх,Та бидний эвсэл
,,,,Туулын Мөнхсүлд,Та бидний эвсэл
,,,,Санжаагийн Эрдэнэчимэг,Та бидний эвсэл
,,,,Агваансамдангийн Батсүх,Шинэ эвсэл
,,,,Бадмаабазарын Цондовдорж,Шинэ эвсэл
,,,,Лхамсүрэнгийн Алтантуяа,Шинэ эвсэл
,,,,Дүншигийн Мягмарсүрэн,Сахигтун! Үндсэн хуулийн 19 эвсэл
,,,,Намсрайдоржийн Уянга,Зон Олны нам
,,,,Өвгөнхүүгийн Гэрэлт-Од,Бие даан нэр дэвшигч
,,,,Сэдбазарын Чойжилжав,Бие даан нэр дэвшигч
,,,,Дуламсүрэнгийн Доржпүрэв,Бие даан нэр дэвшигч
Увс,15-р тойрог,3 мандат,23 нэр дэвшигч,Чимэдийн Хүрэлбаатар,Монгол Ардын нам
,,,,Намсрайн Цэрэнбат,Монгол Ардын нам
,,,,Баттогтохын Чойжилсүрэн,Монгол Ардын нам
,,,,Саманд Жавхлан,Ардчилсан нам
,,,,Одон Цогтгэрэл,Ардчилсан нам
,,,,Дашийн Цэндсүрэн,Ардчилсан нам
,,,,Нямаагийн Уламбаяр,Та бидний эвсэл
,,,,Хорлоогийн Удвалцэцэг,Та бидний эвсэл
,,,,Дамдинсүрэнгийн Гансүрэн,Та бидний эвсэл
,,,,Шагдарын Буянжаргал,Шинэ эвсэл
,,,,Авирмэдийн Чинбат,Шинэ эвсэл
,,,,Гансүхийн Нямсүрэн,Шинэ эвсэл
,,,,Цэдэвийн Өлзийтогтох,Зөв хүн электорат эвсэл
,,,,Доржнамжилын Болд-Эрдэнэ,Зөв хүн электорат эвсэл
,,,,Мөнхбаярын Цэдэнпунцаг,Зөв хүн электорат эвсэл
,,,,Ишийн Эрдэнэчимэг,Эрх Чөлөөг Хэрэгжүүлэгч нам
,,,,Дулмаагийн Ганхуяг,Эрх Чөлөөг Хэрэгжүүлэгч нам
,,,,Ихбаатарын Золзаяа,Зон Олны нам
,,,,Баатаржавын Бат-Амгалан,Бие даан нэр дэвшигч
,,,,Буянжаргалын Лхагвасүрэн,Бие даан нэр дэвшигч
,,,,Ганболдын Пүрэврагчаа,Бие даан нэр дэвшигч
,,,,Цэнгэлийн Бат-Эрдэнэ,Бие даан нэр дэвшигч
,,,,Цэвээний Батболд,Бие даан нэр дэвшигч
"Сонгинохайрхан (1, 2, 3, 4, 5, 6, 20, 22, 24, 26, 32, 33, 34, 35, 36, 37, 41 дүгээр хороо)",27-р тойрог,2 мандат,23 нэр дэвшигч,Батзоригийн Эрдэнээ,Зөв хүн электорат эвсэл
,,,,Хишгээгийн Нямбаатар,Монгол Ардын нам
,,,,Бадарчийн Жаргалмаа,Монгол Ардын нам
,,,,Даваа Кёкүшюзан Батбаяр,Ардчилсан нам
,,,,Бадамдорж Пунсалмаа,Ардчилсан нам
,,,,Батсүхийн Алтанхуяг,Монголын Ногоон нам
,,,,Буяагийн Тулга,Та бидний эвсэл
,,,,Дашаагийн Бямбасүрэн,Та бидний эвсэл
,,,,Халтарын Оюунцэцэг,Шинэ эвсэл
,,,,Борисын Саранцэцэг,Шинэ эвсэл
,,,,Жадамбын Отгонбаяр,Зөв хүн электорат эвсэл
,,,,Доржпаламын Хосбаяр,Сахигтун! Үндсэн хуулийн 19 эвсэл
,,,,Болдбаатарын Отгонтуул,Сахигтун! Үндсэн хуулийн 19 эвсэл
,,,,Дэлгэрбатын Насанбаяр,Зон Олны нам
,,,,Дүгэржавын Батбаатар,Ард Түмний Олонхийн Засаглал нам
,,,,Должингийн Нармандах,Ард Түмний Олонхийн Засаглал нам
,,,,Ягааны Мөнгөнцэцэг,Гэр хороолол хөгжлийн нам
,,,,Оргилын Энхмаа,Бие даан нэр дэвшигч
,,,,Очирболдын Сарантуяа,Бие даан нэр дэвшигч
,,,,Гомбодоржийн Золбаяр,Бие даан нэр дэвшигч
,,,,Энхболдын Болорчулуун,Бие даан нэр дэвшигч
,,,,Сайнбаярын Амарсүлд,Бие даан нэр дэвшигч
,,,,Чадраабалын Отгончулуун,Бие даан нэр дэвшигч
Чингэлтэй дүүрэг,25-р тойрог,3 мандат,33 нэр дэвшигч,Шаравдэмбэрэлийн Энхтуул,Зөв хүн электорат эвсэл
,,,,Мөнхөөгийн Оюунчимэг,Монгол Ардын нам
,,,,Төмөрбаатарын Аюурсайхан,Монгол Ардын нам
,,,,Жамъянхорлоогийн Сүхбаатар,Монгол Ардын нам
,,,,Цэнд Баатархүү,Ардчилсан нам
,,,,Гантөмөр Уянга,Ардчилсан нам
,,,,Ринзааны Булгамаа,Ардчилсан нам
,,,,Бямбасүрэнгийн Жагар,Монголын Ногоон нам
,,,,Цэрэндоржийн Ганхуяг,Та бидний эвсэл
,,,,Батын Батбаатар,Та бидний эвсэл
,,,,Шархүүгийн Хишигсүрэн,Та бидний эвсэл
,,,,Базарсадын Жаргалсайхан,Шинэ эвсэл
,,,,Шархүүгийн Нанжид,Шинэ эвсэл
,,,,Ренцэндоржийн Ууганбаатар,Шинэ эвсэл
,,,,Бадрахын Найдалаа,Зөв хүн электорат эвсэл
,,,,Гомбожавын Ганбаяр,Зөв хүн электорат эвсэл
,,,,Ганхүүгийн Батбаяр,Эрх Чөлөөг Хэрэгжүүлэгч нам
,,,,Дэмбэрэлийн Өнөрзул,Хөгжлийн Хөтөлбөр нам
,,,,Доржрэнцэнгийн Сүндий,Сахигтун! Үндсэн хуулийн 19 эвсэл
,,,,Мижиддоржийн Бат,Сахигтун! Үндсэн хуулийн 19 эвсэл
,,,,Давгадоржийн Уламбаяр,Сахигтун! Үндсэн хуулийн 19 эвсэл
,,,,Буянтогтохын Батмөнх,Зон Олны нам
,,,,Дашдэлэгийн Нямтүшиг,Ард Түмний Олонхийн Засаглал нам
,,,,Чойсүрэнгийн Буянжаргал,Ард Түмний Олонхийн Засаглал нам
,,,,Отгоны Нарантуяа,Гэр хороолол хөгжлийн нам
,,,,Цэрэндоржийн Пүрэвхүү,Бие даан нэр дэвшигч
,,,,Дагдангийн Анхбаяр,Бие даан нэр дэвшигч
,,,,Цэндийн Энхтуяа,Бие даан нэр дэвшигч
,,,,Жамъянсүрэнгийн Оймандах,Бие даан нэр дэвшигч
,,,,Батсайханы Амартүвшин,Бие даан нэр дэвшигч
,,,,Даваанямын Очирхуяг,Бие даан нэр дэвшигч
,,,,Жуковын Баяржавхлан,Бие даан нэр дэвшигч
,,,,Гомбодоржийн Оргил,Бие даан нэр дэвшигч
"Баянзүрх (4, 5, 6, 8, 13, 14, 15, 16, 18, 25, 26 дугаар хороо)",22-р тойрог,2 мандат,28 нэр дэвшигч,Пүрэвсүрэнгийн Наранбаяр,Зөв хүн электорат эвсэл
,,,,Гончигдоржийн Уянгахишиг,Зөв хүн электорат эвсэл
,,,,Батсүхийн Саранчимэг,Монгол Ардын нам
,,,,Баттөмөрийн Энхбаяр,Монгол Ардын нам
,,,,Зандаахүү Энхболд,Ардчилсан нам
,,,,Түмэндэлгэр Батцогт,Ардчилсан нам
,,,,Баасансүрэнгийн Цацралтуяа,Монголын Ногоон нам
,,,,Баярсайханы Пүрэвжав,Монголын Ногоон нам
,,,,Равжаагийн Өсөхбаяр,Та бидний эвсэл
,,,,Гантулгын Золзаяа,Та бидний эвсэл
,,,,Санжжавын Амарсайхан,Шинэ эвсэл
,,,,Халтарын Батсуурь,Шинэ эвсэл
,,,,Авирмэдийн Эрдэнэбаяр,Эрх Чөлөөг Хэрэгжүүлэгч нам
,,,,Лүүрэвийн Өнөрчимэг,Хөгжлийн Хөтөлбөр нам
,,,,Ганчилын Ганбат,Эх Орончдын Нэгдсэн нам
,,,,Жалхарын Батзориг,Сахигтун! Үндсэн хуулийн 19 эвсэл
,,,,Баатарын Лхамхүү,Зон Олны нам
,,,,Дашдондогийн Ганзориг,Ард Түмний Олонхийн Засаглал нам
,,,,Цэцгээгийн Мөнхжаргал,Ард Түмний Олонхийн Засаглал нам
,,,,Зулаагийн Бат-отгон,Их Эв нам
,,,,Сосорбарамын Барсболд,Бие даан нэр дэвшигч
,,,,Шагдарын Ганболд,Бие даан нэр дэвшигч
,,,,Чулуунбаатарын Чулуунцэцэг,Бие даан нэр дэвшигч
,,,,Манжаагийн Ичинноров,Бие даан нэр дэвшигч
,,,,Улаанхүүгийн Мягмархүү,Бие даан нэр дэвшигч
,,,,Цоодолын Хулан,Бие даан нэр дэвшигч
,,,,Ганбатын Тулга,Бие даан нэр дэвшигч
,,,,Доржготовын Батжаргал,Бие даан нэр дэвшигч
Сүхбаатар дүүрэг,24-р тойрог,3 мандат,38 нэр дэвшигч,Цэрэнжамц Мөнхцэцэг,Монгол Ардын нам
,,,,Ринчинням Амаржаргал,Ардчилсан нам
,,,,Сүхбаатарын ЭРДЭНЭБОЛД,Ардчилсан нам
,,,,Эрдэнэбаатарын Долгион,Ардчилсан нам
,,,,Зуунайн Шагдарсүрэн,Та бидний эвсэл
,,,,Баатаржавын Мөнхсоёл,Зөв хүн электорат эвсэл
,,,,Дэмбэрэлцэрэнгийн Мөнх-Эрдэнэ,Зөв хүн электорат эвсэл
,,,,Мархаажийн Чойдорж,Бие даан нэр дэвшигч
,,,,Содномдаржаа ДАВААСҮРЭН,Бие даан нэр дэвшигч
,,,,Цэндийн Мөнх-Оргил,Монгол Ардын нам
,,,,Дамдин Цогтбаатар,Монгол Ардын нам
,,,,Олзодын Бум-ялагч,Монголын Ногоон нам
,,,,Банзрагчийн Дэлгэрмаа,Та бидний эвсэл
,,,,Парчаагийн Шинжээравдан,Та бидний эвсэл
,,,,Бямбын Мөнхжаргал,Шинэ эвсэл
,,,,Чимэд-Очирын Мэндсайхан,Шинэ эвсэл
,,,,Цэндийн Энхбат,Шинэ эвсэл
,,,,Гэндэндарамын Ганхүү,Зөв хүн электорат эвсэл
,,,,Даваагийн Цогтбаатар,Эрх Чөлөөг Хэрэгжүүлэгч нам
,,,,Цогзоогийн Хүрэлбаатар,Эрх Чөлөөг Хэрэгжүүлэгч нам
,,,,Очирбатын Сэлэнгээ,Хөгжлийн Хөтөлбөр нам
,,,,Цэгмидийн Төмөрбаатар,Сахигтун! Үндсэн хуулийн 19 эвсэл
,,,,Баасанжавийн Амарсайхан,Сахигтун! Үндсэн хуулийн 19 эвсэл
,,,,Гүррагчаагийн Бадамрагчаа,Сахигтун! Үндсэн хуулийн 19 эвсэл
,,,,Шаравын Амгалан,Зон Олны нам
,,,,Очирбатын Итгэлсүрэн,Зон Олны нам
,,,,Гэмбэлийн Тэмүүжин,Дэлхийн Монголчууд нам
,,,,Төмөрийн Төмөрбат,Дэлхийн Монголчууд нам
,,,,Доржготовын Энхжаргал,Дэлхийн Монголчууд нам
,,,,Лувсанвандангийн Дарамсэнгэ,Ард Түмний Олонхийн Засаглал нам
,,,,Бяруузанын Оюунсайхан,Ард Түмний Олонхийн Засаглал нам
,,,,Намсрайдоржийн Түмэнбаяр,Гэр хороолол хөгжлийн нам
,,,,Цэвээндоржийн Эрдэмт,Бие даан нэр дэвшигч
,,,,Жанцандоржийн Янжинсүрэн,Бие даан нэр дэвшигч
,,,,Магнайбаярын Чингисхаан,Бие даан нэр дэвшигч
,,,,Довчинсүрэнгийн Чимэдбавуу,Бие даан нэр дэвшигч
,,,,Агваандоржийн Саруул,Бие даан нэр дэвшигч
,,,,Цогтсайханы Буянцогтоо,Бие даан нэр дэвшигч
"Баянзүрх (1, 2, 3, 7, 9, 10, 11, 12, 17, 19, 20, 21, 22, 23, 24, 27, 28 дугаар хороо)",23-р тойрог,3 мандат,36 нэр дэвшигч,Цогтоо Одонтунгалаг,Ардчилсан нам
,,,,Доноровын Гантулга,Зөв хүн электорат эвсэл
,,,,Алтанчулууны Дөлгөөн,Зөв хүн электорат эвсэл
,,,,Хүрэлбаатарын Булгантуяа,Монгол Ардын нам
,,,,Энхтайваны Бат-Амгалан,Монгол Ардын нам
,,,,Жигжидсүрэнгийн Чинбүрэн,Монгол Ардын нам
,,,,Даваахүү Пүрэвдаваа,Ардчилсан нам
,,,,Жадамбаагийн Баясгалан,Ардчилсан нам
,,,,Сугирын Маам,Монголын Ногоон нам
,,,,Батдэлгэрийн Батболд,Та бидний эвсэл
,,,,Сономын Бямбасүрэн,Та бидний эвсэл
,,,,Лхагвасүрэнгийн Өнөрбаяр,Та бидний эвсэл
,,,,Жалбасүрэнгийн Батзандан,Шинэ эвсэл
,,,,Шинэнсамбуугийн Батсамбуу,Шинэ эвсэл
,,,,Цэрэнхүүгийн Баттуяа,Шинэ эвсэл
,,,,Галиндэвийн Рагчаасүрэн,Зөв хүн электорат эвсэл
,,,,Очирбатын Заяа,Хөгжлийн Хөтөлбөр нам
,,,,Пүрэвдоржийн Хишигбаяр,Сахигтун! Үндсэн хуулийн 19 эвсэл
,,,,Дамдинсүрэнгийн Баянзул,Сахигтун! Үндсэн хуулийн 19 эвсэл
,,,,Гомбожавийн Сүхболд,Сахигтун! Үндсэн хуулийн 19 эвсэл
,,,,Н Сарангэрэл,Зон Олны нам
,,,,Вандандоржийн Ганболд,Ард Түмний Олонхийн Засаглал нам
,,,,Дарамсэнгийн Батбилэг,Ард Түмний Олонхийн Засаглал нам
,,,,Батхуяг Батсүх,Гэр хороолол хөгжлийн нам
,,,,Жаанаагийн Ганбаатар,Бие даан нэр дэвшигч
,,,,Б Батсайхан,Бие даан нэр дэвшигч
,,,,С Батчулуун,Бие даан нэр дэвшигч
,,,,Б Мөнхбат,Бие даан нэр дэвшигч
,,,,Г Жавхлан,Бие даан нэр дэвшигч
,,,,Даш Батсүх,Бие даан нэр дэвшигч
,,,,Ө Эрдэнэболд,Бие даан нэр дэвшигч
,,,,М Энхдэлгэр,Бие даан нэр дэвшигч
,,,,Б Баярмагнай,Бие даан нэр дэвшигч
,,,,А Бат-Эрдэнэ,Бие даан нэр дэвшигч
,,,,Б Баярбаатар,Бие даан нэр дэвшигч
,,,,Ц Минжин,Бие даан нэр дэвшигч
"Сонгинохайрхан (7, 8, 9, 10, 11, 12, 13, 14, 15, 16, 17, 18, 19, 21, 23, 25, 27, 28, 29, 30, 31, 38, 39, 40, 42, 43 дугаар хороо)",28-р тойрог,3 мандат,27 нэр дэвшигч,Адъяабатын Амарбаяр,Зөв хүн электорат эвсэл
,,,,Долгорсүрэнгийн Сумъяабазар,Монгол Ардын нам
,,,,Ням-Осорын Учрал,Монгол Ардын нам
,,,,Пүрэв-Очирын Анужин,Монгол Ардын нам
,,,,Отгонжаргал Магнай,Ардчилсан нам
,,,,Пүрэв Цэцэгмаа,Ардчилсан нам
,,,,Ганбат Очирбат,Ардчилсан нам
,,,,Цэвэграшийн Эрдэнэчулуун,Монголын Ногоон нам
,,,,Энхбаярын Батшугар,Та бидний эвсэл
,,,,Мянганбуугийн Наранбаатар,Та бидний эвсэл
,,,,Мижидийн Тулга,Та бидний эвсэл
,,,,Даньдайн Энхсайхан,Шинэ эвсэл
,,,,Баянжаргалын Цогтгэрэл,Шинэ эвсэл
,,,,Донжоогийн Батбаяр,Шинэ эвсэл
,,,,Шагдарсүрэнгийн Гантулга,Ард Түмний нам
,,,,Чулуундоржийн Мөнхбаяр,Эрх Чөлөөг Хэрэгжүүлэгч нам
,,,,Нямдоржийн Ган-Од,Эрх Чөлөөг Хэрэгжүүлэгч нам
,,,,Мягмарын Алтанхуяг,Сахигтун! Үндсэн хуулийн 19 эвсэл
,,,,Хадбаатарын Бат-Ялалт,Сахигтун! Үндсэн хуулийн 19 эвсэл
,,,,Бямбаринчингийн Баяраа,Сахигтун! Үндсэн хуулийн 19 эвсэл
,,,,Пүрэвсүрэнгийн Мөнхчимэг,Зон Олны нам
,,,,Алтанцэцэгийн Батдорж,Ард Түмний Олонхийн Засаглал нам
,,,,Шагдарсүрэнгийн Гантулга,Ард Түмний Олонхийн Засаглал нам
,,,,Лхүндэвийн Лхагвадорж,Ард Түмний Олонхийн Засаглал нам
,,,,Цэрэндоржийн Түвшинтөр,Бие даан нэр дэвшигч
,,,,Ринчинлхүмбийн Ням-Очир,Бие даан нэр дэвшигч
,,,,Самданнямын Мөнхчулуун,Бие даан нэр дэвшигч
"Налайх, Багануур, Багахангай дүүрэг",21-р тойрог,2 мандат,14 нэр дэвшигч,Бадралын МӨНХДӨЛ,Зөв хүн электорат эвсэл
,,,,Сайнбуянгийн Амарсайхан,Монгол Ардын нам
,,,,Цэндийн Сандаг-Очир,Монгол Ардын нам
,,,,Мангалсүрэн Энх-Амар,Ардчилсан нам
,,,,Цэрэндулам Алтанцэцэг,Ардчилсан нам
,,,,Эрдэнэбилэгийн Эрдэнэжамъян,Та бидний эвсэл
,,,,Пүрэвсүрэнгийн Цолмон,Та бидний эвсэл
,,,,Бэгзсүрэнгийн Гантулга,Шинэ эвсэл
,,,,Даваасамбуугийн Оюунчимэг,Шинэ эвсэл
,,,,Цогийн Нандинбаатар,Зөв хүн электорат эвсэл
,,,,Ганхуягийн Бямбатулга,Сахигтун! Үндсэн хуулийн 19 эвсэл
,,,,Болысханы Ризагүль,Зон Олны нам
,,,,Гомбосүрэнгийн Чоглоонамжил,Бие даан нэр дэвшигч
,,,,Гэлэгийн Баасан,Бие даан нэр дэвшигч
Хан-Уул дүүрэг,29-р тойрог,3 мандат,30 нэр дэвшигч,Банзрагч Түвшин,Ардчилсан нам
,,,,Тогмидын Доржханд,Зөв хүн электорат эвсэл
,,,,Ганбаатарын Жавхлантөгс,Зөв хүн электорат эвсэл
,,,,Жаргалцэнгэл Эрхэмбаатар,Бие даан нэр дэвшигч
,,,,Нямтайширын Номтойбаяр,Бие даан нэр дэвшигч
,,,,Даваажанцангийн Сарангэрэл,Монгол Ардын нам
,,,,Ганибалын Амартүвшин,Монгол Ардын нам
,,,,Жуковын Алдаржавхлан,Монгол Ардын нам
,,,,Тэрбиш Энхсайхан,Ардчилсан нам
,,,,Чадраабал Өнөрбаяр,Ардчилсан нам
,,,,Мягмарын Нямгэрэл,Монголын Ногоон нам
,,,,Довдонгийн Энхболд,Монголын Ногоон нам
,,,,Төмөрдөшийн Баярхүү,Та бидний эвсэл
,,,,Баасангийн Наминчимэд,Та бидний эвсэл
,,,,Цэрэндашийн Оюунбаатар,Та бидний эвсэл
,,,,Лувсанвандангийн Болд,Шинэ эвсэл
,,,,Эрдэнэдэлгэрийн Түвшин,Шинэ эвсэл
,,,,Лхагвадоржийн Ариунаа,Шинэ эвсэл
,,,,Баярхүүгийн Мөнхцэлмэг,Зөв хүн электорат эвсэл
,,,,Сэрчингийн Үүрцайх,Эрх Чөлөөг Хэрэгжүүлэгч нам
,,,,Батаагийн Гэрэлтцолмон,Сахигтун! Үндсэн хуулийн 19 эвсэл
,,,,Жанчивын Оюунжаргал,Зон Олны нам
,,,,Ойдовын Лхагвадорж,Ард Түмний Олонхийн Засаглал нам
,,,,Агваанпүрэвийн Дугармаа,Ард Түмний Олонхийн Засаглал нам
,,,,Нанзаддоржийн Эрдэнэцэцэг,Ард Түмний Олонхийн Засаглал нам
,,,,Аханбаярын Галбадрах,Бие даан нэр дэвшигч
,,,,Гочоосүрэнгийн Батжаргал,Бие даан нэр дэвшигч
,,,,Төрболдын Бат-Оргил,Бие даан нэр дэвшигч
,,,,Даваагийн Басандорж,Бие даан нэр дэвшигч
,,,,Цэдэвийн Цолмон,Бие даан нэр дэвшигч
Баянгол дүүрэг,26-р тойрог,3 мандат,36 нэр дэвшигч,Цэрэндоржийн Солонго,Шинэ эвсэл
,,,,Жаргалсайханы Золжаргал,Зөв хүн электорат эвсэл
,,,,Данзангийн Лүндээжанцан,Монгол Ардын нам
,,,,Жамбалын Ганбаатар,Монгол Ардын нам
,,,,Хассуурийн Ганхуяг,Монгол Ардын нам
,,,,Содномзундуй Эрдэнэ,Ардчилсан нам
,,,,Салдан Одонтуяа,Ардчилсан нам
,,,,Догсом Батцогт,Ардчилсан нам
,,,,Ганбаатарын Эрдэнэтуяа,Монголын Ногоон нам
,,,,Шаравын Цэнгэл,Монголын Ногоон нам
,,,,Санж-Осорын Батдорж,Монголын Ногоон нам
,,,,Ёндонсамбуугийн Бямбатогтох,Та бидний эвсэл
,,,,Пүрэвдоржийн Цогтбаатар,Та бидний эвсэл
,,,,Даньдайн Жаргалсайхан,Шинэ эвсэл
,,,,Базаррагчаагийн Зоригоо,Шинэ эвсэл
,,,,Дашдондогийн Үүрцайх,Зөв хүн электорат эвсэл
,,,,Долгорын Түмэн-Өлзий,Зөв хүн электорат эвсэл
,,,,Шоовдорын Төмөрсүх,Эрх Чөлөөг Хэрэгжүүлэгч нам
,,,,Сүхээгийн Одонтуяа,Сахигтун! Үндсэн хуулийн 19 эвсэл
,,,,Намжилын Дашдаваа,Сахигтун! Үндсэн хуулийн 19 эвсэл
,,,,Намжаагийн Дашзэвэг,Сахигтун! Үндсэн хуулийн 19 эвсэл
,,,,Батзаяагийн Ариунсанаа,Зон Олны нам
,,,,Шагдарын Мөнхбаатар,Ард Түмний Олонхийн Засаглал нам
,,,,Дамдины Батсайхан,Ард Түмний Олонхийн Засаглал нам
,,,,Дэнзэнгийн Чулуунбат,Ард Түмний Олонхийн Засаглал нам
,,,,Пүрэвдоржийн Галиндэв,Бие даан нэр дэвшигч
,,,,Чулуунбатын Анхбаяр,Бие даан нэр дэвшигч
,,,,Сурмаадоржийн Батсүх,Бие даан нэр дэвшигч
,,,,Мөнхтөрийн Нарантуяа-Нара,Бие даан нэр дэвшигч
,,,,Чулуунбаатарын Энхзаяа,Бие даан нэр дэвшигч
,,,,Халхын Ганхуяг,Бие даан нэр дэвшигч
,,,,Содномцогийн Сүх-Очир,Бие даан нэр дэвшигч
,,,,Пүрэвдоржийн Мөнхбаяр,Бие даан нэр дэвшигч
,,,,Дэмчигийн Болор,Бие даан нэр дэвшигч
,,,,Очирхуягийн Мөнхтулга,Бие даан нэр дэвшигч
,,,,Пүрэвдоржийн Бүүвэйбаатар,Бие даан нэр дэвшигч
